{
  "project_info": {
    "project_number": "276342550632",
    "firebase_url": "https://alarm-limitasi-pengunjung-default-rtdb.firebaseio.com",
    "project_id": "alarm-limitasi-pengunjung",
    "storage_bucket": "alarm-limitasi-pengunjung.appspot.com"
  },
  "client": [
    {
      "client_info": {
        "mobilesdk_app_id": "1:276342550632:android:0cadfa4dd470c3522dcbdd",
        "android_client_info": {
          "package_name": "com.example.pengunjungku"
        }
      },
      "oauth_client": [
        {
          "client_id": "276342550632-g0g9qcgv4q76pfbor0g8b7lqbq5qjs8d.apps.googleusercontent.com",
          "client_type": 3
        }
      ],
      "api_key": [
        {
          "current_key": "AIzaSyCwNrcC-iNkdRLHRHB-UCdj1q65LtZn5q8"
        }
      ],
      "services": {
        "appinvite_service": {
          "other_platform_oauth_client": [
            {
              "client_id": "276342550632-g0g9qcgv4q76pfbor0g8b7lqbq5qjs8d.apps.googleusercontent.com",
              "client_type": 3
            }
          ]
        }
      }
    }
  ],
  "configuration_version": "1"
}